{"cameraMode":{"drawMode":0,"name":"Shaded","section":"Shading Mode"},"sceneLighting":false,"audioPlay":false,"sceneViewState":{"m_AlwaysRefresh":false,"showFog":true,"showSkybox":false,"showFlares":true,"showImageEffects":true,"showParticleSystems":true,"showVisualEffectGraphs":true,"m_FxEnabled":true},"in2DMode":false,"pivot":{"x":0.058106184005737308,"y":0.1138455867767334,"z":-0.054074764251708987},"rotation":{"x":-0.01881786622107029,"y":0.6713300347328186,"z":-0.016763992607593538,"w":-0.7408551573753357},"size":2.0882134437561037,"orthographic":false}